threads_maximo,time
1,0.1769175
2,0.14202325
3,0.14584334999999998
4,0.15873350000000003
5,0.2034124
6,0.21872175
7,0.2404162
8,0.26715490000000003
9,0.28493
10,0.36445754999999996
11,0.36489175
12,0.35605984999999996
13,0.45458669999999995
14,0.42793925
15,0.46034945
16,0.40988764999999994
17,0.4675159
18,0.4804499
19,0.48449639999999994
20,0.5103804
21,0.5189359
22,0.6350995
23,0.55623775
24,0.57189295
25,0.619502
26,0.73988805
27,0.65348085
28,0.7181539499999999
29,0.636671
30,0.7284733
