threads_maximo,time
1,0.069702
2,0.1571071
3,0.132528
4,0.1701848
5,0.1674887
6,0.1669246
7,0.22622690000000004
8,0.30999475000000004
9,0.25217495
10,0.3075719
11,0.29475415
12,0.3205964
13,0.34282519999999994
14,0.38124975000000005
15,0.4080532499999999
16,0.4628219499999999
17,0.46506055
18,0.48575599999999997
19,0.5586476000000001
20,0.4984126
21,0.5216326
22,0.57186125
23,0.6079701
24,0.6241507499999999
25,0.7088355500000001
26,0.6957081
27,0.67660665
28,0.6840324
29,0.7379225
30,1.1775769
