threads_maximo,time
1,1.8251680000000003
2,1.13111
3,1.0027258500000003
4,1.0110225500000003
5,0.9575210500000001
6,0.99887555
7,1.0219298
8,1.01555535
9,1.00401355
10,1.0179506500000002
11,1.0621870000000002
12,1.05965555
13,1.1297027999999998
14,1.0828748
15,1.06338595
16,1.0532645
17,1.0953685
18,1.1595869999999997
19,1.1424745
20,1.148844
21,1.1378404999999998
22,1.163387
23,1.1714065
24,1.171702
25,1.1414065
26,1.2397189999999998
27,1.1948385
28,1.2243124999999997
29,1.230042
30,1.2766095
